PredictedSentiment,TweetText,CleanedTweet
neutral,"Come to the dark side üì±‚Äú@gretcheneclark: Hey @apple, if you send me a free iPhone, I will publicly and ceremoniously burn my #BlackBerry.‚Äù",come dark side gretcheneclark apple send free iphone publicly ceremoniously burn blackberry
neutral,"Hey @apple, if you send me a free iPhone (any version will do), I will publicly and ceremoniously burn my #BlackBerry.",apple send free iphone version publicly ceremoniously burn blackberry
positive,Thank you @apple for Find My Mac - just located and wiped my stolen Air. #smallvictory #thievingbastards,thank apple find located wiped stolen smallvictory thievingbastards
neutral,"Thanks to @Apple Covent Garden #GeniusBar for replacing my MacBook keyboard/cracked wristpad during my lunch break today, out of warranty.",thanks apple covent garden geniusbar replacing macbook keyboardcracked wristpad lunch break today warranty
neutral,@DailyDealChat @apple Thanks!!,dailydealchat apple thanks
neutral,iPads Replace Bound Playbooks on Some N.F.L. Teams http://t.co/2UXAWKwf @apple @nytimes,ipads replace bound playbook team http uxawkwf apple nytimes
neutral,@apple..good ipad,apple good ipad
neutral,@apple @siri is efffing amazing!!,apple siri efing amazing
neutral,Amazing new @Apple iOs 5 feature.  http://t.co/jatFVfpM,amazing apple feature http cojatfvfpm
neutral,"RT @TripLingo: We're one of a few ""Featured Education Apps"" on the @Apple **Website** today, sweet! http://t.co/0yWvbe1Z",triplingo featured education apps apple website today sweet http ywvbe
neutral,"We're one of a few ""Featured Education Apps"" on the @Apple **Website** today, sweet! http://t.co/0yWvbe1Z",featured education apps apple website today sweet http ywvbe
negative,"When you want something done right, you do it yourself... or go to @Apple. AT&T you're useless these days. #yourdaysarenumbered

Ô£øÔ£øÔ£ø",want something done right apple useless day yourdaysarenumbered
neutral,We did an unexpected workshop for the #iPhone4S at @apple yesterday and we got an awesome amount of info #notjustaboutthephone @gamerchik16,unexpected workshop iphone apple yesterday awesome amount info notjustaboutthephone gamerchik
neutral,&lt;3 #ios5 @apple,apple
neutral,---¬ª RT @Apple No question bro. RT @AintEeenTrippin: Should I get dis iPhone or a EVO 3D?,apple question aintentrippin iphone
negative,RT @imightbewrong: I'm OVER people bitching about the #iPhone4S... I think it's the smartest phone I've ever had and I'm very happy.   : ...,imightbewrong people bitching iphone think smartest phone ever happy
neutral,I'm OVER people bitching about the #iPhone4S... I think it's the smartest phone I've ever had and I'm very happy.   :)  Way to go @Apple!,people bitching iphone think smartest phone ever happy apple
neutral,@Twitter CEO points to @Apple as 'corporate mentor' as @iOS signups triple http://t.co/GCY8iphN,twitter point apple corporate mentor signups triple http cogcy iphn
neutral,At the bus with my iPhone ;) thxx @apple,iphone thxx apple
neutral,"@azee1v1 @apple @umber AppStore is well done, so is iTunes on the mobile devices.  I was talking about desktop app.",azee apple umber appstore well done itunes mobile device talking desktop
neutral,NYTimes: Coach Wants to See You. And Bring Your iPad. http://t.co/J2FTiEnG #iPad @apple set red 42 red 42 hut hut @NFL wish I had an #iPad,nytimes coach want bring ipad http ftieng ipad apple wish ipad
positive,@apple @jilive @DanielPink: Apple sells 4 million iPhone 4S units in first weekend ... Steve Jobs brilliance lives on for ever! #iphone #RVA,apple jilive danielpink apple sell million iphone unit first weekend steve job brilliance life ever iphone
positive,@blackberry is like the #Titanic and it seems everyone is running for the @apple #iPhone life rafts and there won't be enough for everyone!,blackberry like titanic seems everyone running apple iphone life raft enough everyone
positive,@bkad5161 than apologize to @apple ;),bkad apologize apple
neutral,@Apple downloads of iOS 5 are proving popular with users  -- http://t.co/NSHLfiUX,apple downloads proving popular user http conshlfiux
neutral,"Lmfao look at the argument I had with Siri !!
@ijustine @apple http://t.co/D4VjL7SI",lmfao look argument siri ijustine apple http
neutral,Incredible: 4 million iPhone 4Ss in 3 days. 135% better than the iPhone 4 http://t.co/1FMJxTMM @apple #iphone4s,incredible million iphone day better iphone http fmjxtmm apple iphone
positive,Save me from #HP's unwanted OS! Help me buy an #iPhone! I have seen the light! #lol http://t.co/8gUP9Acz #backchannel @apple,save unwanted help iphone seen light http backchannel apple
positive,Well @apple fixed my #ios5 battery drain problem with a replacement iPhone 4 -- it's working like a champ now,well apple fixed battery drain problem replacement iphone working like champ
neutral,Currently ordering a BRAND NEW MACBOOK PRO!!! Bahhh... my MacBook is 5 years old. I'll miss it. But it's time. cc: @Apple -,currently ordering brand macbook macbook year miss time apple
positive,you are so blessed. @apple,blessed apple
neutral,"#Siri now knows who my dad, mom, brother and girlfriend is.  Thanks @apple",siri know brother girlfriend thanks apple
neutral,Well at least the @apple store has amazing call waiting music! #need4s,well least apple store amazing call waiting music need
positive,#sweet... #apple replaced my glass #probono. thank you @apple,sweet apple replaced glass probono thank apple
neutral,Not Bad! @Apple Sells Over 4 Million #IPhones in Debut Weekend - Bloomberg http://t.co/AVSl3ygU - #smartphone #sm RT @VinodRad,apple sell million iphones debut weekend bloomberg http coavsl smartphone vinodrad
neutral,"loving new technology from @apple iPhone 4s, mac air and iCloud are unreal #technology",loving technology apple iphone icloud unreal technology
neutral,I'm loving this new IOS5 update :) @apple,loving update apple
neutral,Another mention for Apple Store: http://t.co/fiIOApKt - RT @floridamike Once again getting great customer service from the @apple store ...,another mention apple store http cofiioapkt floridamike getting great customer service apple store
positive,Time to go get my iPhone 4s.  Looking forward to sticking it to the man by no longer paying for most texts.  Thanks @apple.,time iphone looking forward sticking longer paying text thanks apple
positive,hey @apple I hate my computer i need a #mack wanna send me a free one.,apple hate computer need mack wan na send free
neutral,Thank you @apple. My new gf(iphone4s) is great!  She does everything!,thank apple iphone great everything
neutral,#iCloud set up was flawless and works like a champ! To the Cloud @Apple,icloud flawless work like champ cloud apple
neutral,@Wisconsin_Mommy @Apple I'd totally email the company... I always get great service at our @Apple store!,wisconsin mommy apple totally email company always great service apple store
neutral,@apple loving the new IOS5 upgrade for the iPhone!,apple loving upgrade iphone
positive,The nice @apple tech support guy fixed my iTouch =D,nice apple tech support fixed itouch
neutral,Once again getting great customer service from the @apple store at millenia mall.,getting great customer service apple store millenia mall
neutral,Is it just me or is #iOS5 faster for the iPad? @apple,faster ipad apple
neutral,I love our @apple imac even though I haven't seen my hubby in 3 days now! #geek,love apple imac even though seen hubby day geek
negative,making the switch from @Android to @Apple #iphone #iphone4S #smartphone #stevejobs (@ Apple Store) http://t.co/kj6pJvkH,making switch android apple iphone iphone smartphone stevejobs apple store http cokj pjvkh
neutral,So THANKFUL for the incredible people @apple for going above and beyond and offering to and replacing my  water-damaged Macbook Pro!!! Wow!,thankful incredible people apple going beyond offering replacing water damaged macbook
neutral,New macbook is too sick @apple,macbook sick apple
neutral,Play on ma man. Loving the camera in the #iphone4s. Well done @apple  #fb http://t.co/tmdFqRe1,play loving camera iphone well done apple http cotmdfqre
positive,So yeah... @apple #iOS5 #readinglists have changed my life. #nowicanspendevenmoretimeonmyphone.,yeah apple readinglists changed life nowicanspendevenmoretimeonmyphone
neutral,@Apple Safari Reader owns the worldwide web,apple safari reader owns worldwide
positive,I love @apple service . My case has cracked 3x and I go in and they hand me a case and I walk out,love apple service case cracked hand case walk
neutral,"#10twitterpeopleiwouldliketomeet 
@coollike @TheGadgetShow  @thelittleappkid @Jon4Lakers @BenRubery @Apple @twitter @FXhomeHitFilm  (-2)",twitterpeopleiwouldliketomeet coollike thegadgetshow thelittleappkid lakers benrubery apple twitter fxhomehitfilm
neutral,Said to have laid out the next 4 years @apple.Jobs last iPhone is 2012 not the iPhone4S. iPhone(4G/5) 2012 is magical! http://t.co/DxxklUBp,said laid next year apple job last iphone iphone iphone magical http codxxklubp
neutral,"Kind of excited. On my way to my last class right now and then going to the @Apple store, so buy #MacOSC Snow Leopard and Lion :-)",kind excited last class right going apple store macosc snow leopard lion
positive,i used to be with @blackberry over 4-5yrs .. after all the disruptions and lost gigs thx to their service im moving to @apple #iphone,used blackberry disruption lost gig service moving apple iphone
neutral,"Apple sells 4 million iPhones in 3 days @apple keep doing what you are doing, because you are doing it well! http://t.co/ZZc6bE0w",apple sell million iphones day apple keep well http cozzc
neutral,Yessss! I'm lovin the iPhone update especially the slide down bar at top of screen =) good job @Apple.,lovin iphone update especially slide screen good apple
positive,"4 millions in a weekend, 16 #iPhone4S per second. This is madness?! no, this is @Apple !!!",million weekend iphone second madness apple
neutral,.@apple you got me. I'm now invested. MacBook Pro next year. Time to get on selling more of my #android gear,apple invested macbook next year time selling android gear
neutral,@iancollinsuk @apple I like what you did there...!,iancollinsuk apple like
positive,I just sent my grandma a post card using my #CardsApp thanks @Apple,sent grandma post card using cardsapp thanks apple
neutral,"@KostaTsetsekas @apple Putting it in the wash is kind of the equivalent to ""Will it blend?"" Glad to hear it's still alive.",kostatsetsekas apple putting wash kind equivalent blend glad hear still alive
neutral,Laundering Ari's iPhone not my finest moment. But after drying in bag of (organic :-) rice for 4 days it booted up!!!!!!!!!!! @apple,laundering iphone finest moment drying organic rice day booted apple
neutral,"Bravo, @Apple! http://t.co/BgoTzj7K",bravo apple http cobgotzj
neutral,"God Bless @YouTube, @apple for  #appletv & our bad ass system. LOVING #PrincessOfChina. GB to @coldplay & @rihanna too :)",bless youtube apple appletv system loving princessofchina coldplay rihanna
neutral,Been off twitter for a few days as I smashed my iPhone but @apple were very nice and gave me a new one :),twitter day smashed iphone apple nice gave
neutral,Thank you @Apple iOS 5 for email pop up on the lock screen and opening it when unlocking.,thank apple email lock screen opening unlocking
neutral,One word - #wow. RT @jldavid iPhone 4S First Weekend Sales Top Four Million: http://t.co/Zx5Pw0GT (via @apple),word jldavid iphone first weekend sale four million http cozx apple
neutral,This good here iPhone will do me VERY well today. Thanks to the gods that are @apple.,good iphone well today thanks god apple
neutral,RT @MN2NOVA: Love ios5 Easter eggs. Pull down from middle top to bottom and see what pulls down. Awesome little feature! #ios5 @apple,nova love easter egg pull middle bottom pull awesome little feature apple
neutral,Love ios5 Easter eggs. Pull down from middle top to bottom and see what pulls down. Awesome little feature! #ios5 @apple,love easter egg pull middle bottom pull awesome little feature apple
neutral,Love #ios5 Easter eggs. Pull down from middle top to bottom and see what pulls down. Awesome little feature! @apple #lovemyiphone,love easter egg pull middle bottom pull awesome little feature apple lovemyiphone
neutral,Updated my iOS and started using cloud services. Pretty bad ass @apple my #iPhone 3GS still the champ.,updated started using cloud service pretty apple iphone still champ
positive,"Gone for a run, beautiful morning , man do I love iOS 5 @apple, #iPhone",gone beautiful morning love apple iphone
positive,@apple your simply the best.,apple simply best
neutral,I must admit @apple has made me a very happy camper! I have text tones now! Lol! Ring tone: #MakeMeProud Drakes vers! Text tone: Nicki's,must admit apple made happy camper text tone ring tone makemeproud drake vers text tone nicki
neutral,"Day305, I'm thankful for the great customer service received today from @Apple via phone CS, new phone on the way #365daysofgratefulness",thankful great customer service received today apple phone phone daysofgratefulness
neutral,S/O to @apple for replacing my phone for freeÓÄé,apple replacing phone free
neutral,Loving the new iPod update @apple,loving ipod update apple
positive,@alexlindsay My wife upgraded her iPhone 4. I think Siri alone is worth the upgrade. Looking forward to @Apple continuing to enhance Siri.,alexlindsay wife upgraded iphone think siri alone worth upgrade looking forward apple continuing enhance siri
neutral,RT @tomkeene Thx @instagram Thx @apple #hypo #D-76 #tri-x http://t.co/BPPJwncp,tomkeene instagram apple hypo http cobppjwncp
neutral,@SteveJobs being honored tonite @Apple...A truly great loss to the world.He will so be missed,stevejobs honored tonite apple truly great loss world missed
neutral,Thx @instagram Thx @apple #hypo #D-76 #tri-x http://t.co/D7EeJHBT,instagram apple hypo http eejhbt
neutral,Loving my new #iPhone4S thanks @apple for #ios5,loving iphone thanks apple
neutral,i love this. so much. thank you @apple.  http://t.co/Ui8lOEzX,love much thank apple http coui loezx
neutral,@apple the iPhone 4s is great #genius,apple iphone great genius
neutral,@apple Cards app notifies me the card I sent has arrived at local post office and should be delivered today... Sunday. Truly is #magic.,apple card notifies card sent arrived local post office delivered today sunday truly magic
neutral,Love my new I0S5 @Apple updates. Just when I think it can't get any better somehow it simplifies my life more. That's right-it's an Apple.,love apple update think better somehow simplifies life right apple
neutral,@apple Siri is amazing,apple siri amazing
neutral,@rygurl you need an @apple iphone4S with Siri!,rygurl need apple iphone siri
neutral,"Meet #Siri, your new iPhone butler. Click the link and be amazed by all it can do: http://t.co/lvfFdCEL @Apple",meet siri iphone butler click link amazed http colvffdcel apple
neutral,"just my man @apple store in @schaumburg, whoops!!!!üòÅ",apple store schaumburg whoop
positive,"So, I am using my work PC (NEVER EVER) to get a feel for it; it has the worst speakers ever!! @apple you have spoiled me!! #imamac",using work never ever feel worst speaker ever apple spoiled imamac
neutral,I ‚ô• @Apple http://t.co/a8on3IAa,apple http
neutral,@apple just got the new iOS5 upgrade with iMessage...good luck surviving now @BlackBerry,apple upgrade imessage good luck surviving blackberry
positive,Loving #iOS5 !! #awesome @Apple,loving awesome apple
positive,"RT @MattyRiesz: @kathrynyee You were right, an iPhone is a must have. #addicted {WELCOME TO THE @APPLE CLUB}",mattyriesz kathrynyee right iphone must addicted welcome apple club
negative,Thank you @apple for your innovations. Exhibit A: Guy playing with Facetime instead of watching game at sports bar. http://t.co/oU7K39ge,thank apple innovation exhibit playing facetime instead watching game sport http coou
neutral,@blackberry boo hiss!............@apple wuhu!!!!!!!! When will my berry powered technology actually work??,blackberry hiss apple wuhu berry powered technology actually work
neutral,@apple by far the best iPod and first time iPhone ever.... Good job guys,apple best ipod first time iphone ever good guy
neutral,Thank you Steve @apple store 5th av. http://t.co/nSAisriP,thank steve apple store http consaisrip
positive,@Apple's Siri is witchcraft.  What's next @googleresearch. 2 yr lead lost?,apple siri witchcraft next googleresearch lead lost
neutral,"@Apple iOS 5 is sweet! Notifications, phone search covers mail now, wifi sync, iCloud backup and integrated Twitter are all well done.",apple sweet notification phone search cover mail wifi sync icloud backup integrated twitter well done
neutral,RT @katebetts: Another great James Stewart story in today's NY Times about importance of architecture in @apple retail success http://t. ...,katebetts another great james stewart story today time importance architecture apple retail success http
neutral,Another great James Stewart story in today's NY Times about importance of architecture in @apple retail success http://t.co/Kniz452s,another great james stewart story today time importance architecture apple retail success http cokniz
neutral,I &lt;3 @apple http://t.co/ondXWpEr,apple http coondxwper
neutral,Welcome to the twitter world @MarkStuver. This is due to #iOS5 and @apple thanks guys.,welcome twitter world markstuver apple thanks guy
neutral,Impressive service @apple genius bar metro centre. Power cable replaced free n booked in for screen replacement for free :- D,impressive service apple genius metro centre power cable replaced free booked screen replacement free
negative,RT @deb_lavoy: the nice guy at the @apple store replaced my phone gratis when I showed him the hairline  crack on the screen. thanks @apple,lavoy nice apple store replaced phone gratis showed hairline crack screen thanks apple
negative,the nice guy at the @apple store replaced my phone gratis when I showed him the hairline  crack on the screen. thanks @apple,nice apple store replaced phone gratis showed hairline crack screen thanks apple
positive,"My iPhone 4S battery lasted longer than a day. That hasn't happened since my edge iPhone. Nice job, @apple.",iphone battery lasted longer happened since edge iphone nice apple
neutral,It would have taken me 15 mins to write this with my #Blackberry. Thank u @Apple 4s for converting me and showing me the grass is greener!,would taken min write blackberry thank apple converting showing grass greener
neutral,RT @herahussain: @RickySinghPT got a new backside for my eye phone! V impressed with @apple,herahussain rickysinghpt backside phone impressed apple
neutral,@RickySinghPT got a new backside for my eye phone! V impressed with @apple,rickysinghpt backside phone impressed apple
negative,#iPhone 4S in Space http://t.co/jINNHVwz this is amazing #creative @apple your products inspire people to do unbelievable things,iphone space http cojinnhvwz amazing creative apple product inspire people unbelievable thing
neutral,Thank you @apple for making my iPad 2 feel like new again with your new iOS 5!,thank apple making ipad feel like
neutral,"_ibertaddigital.tv/ iPad a briliant SteveJobs produck ,http://t.co/00ohfLY6
@Apple present... http://t.co/DBbWSDpx",ibertaddigital ipad briliant stevejobs produck http ohfly apple present http codbbwsdpx
neutral,Using my awsome iPad... I love it. I love my MacBook too and my iPod. It's all amazing! I love @apple,using awsome ipad love love macbook ipod amazing love apple
negative,@apple iOS 5 upgrade done ...... Much better feature..... Few more feature required,apple upgrade done much better feature feature required
neutral,New iOS 5 update is THE BEST. iloveyou @apple,update best iloveyou apple
positive,"Finally got my iPhone 4S, thanks @Apple. Stupid @att. Learned my lesson.",finally iphone thanks apple stupid learned lesson
neutral,"I absolutely love my iPhone 4S. Thank you, Steve and @apple.",absolutely love iphone thank steve apple
neutral,@apple - you have invented a product that actually gets my brother to call my parents when he gets where he's going. Amazing. #siri #ipod4s,apple invented product actually get brother call parent get going amazing siri ipod
neutral,"dammit, listening to siri is making me want to upgrade. well played @apple.",dammit listening siri making want upgrade well played apple
neutral,"Create new folders from within your photo album in #iOS5, finally!! Thanks @Apple, that's been a thorn in my side for a while. #newfeature",create folder within photo album finally thanks apple thorn side newfeature
neutral,Video card on @Kimaris workstation died after just six months. So long @hp. Hello @apple.,video card kimaris workstation died month long hello apple
positive,@Blackberry & @Facebook U R really about to make me throw this @Blackberry in the trash an get an @Apple iPhone! @Facebook upload issues!,blackberry facebook really make throw blackberry trash apple iphone facebook upload issue
neutral,#iOS5 update submitted to @apple! Thanks for all the support!,update submitted apple thanks support
neutral,Awesome service from the @apple store in pc. Thanks chris!,awesome service apple store thanks chris
neutral,RT @To1ne: .@apple thanks for fixing this... http://t.co/wTj1ogDO,apple thanks fixing http cowtj ogdo
positive,I am crazy about #iOS5 . The photo cropping is the best! @apple,crazy photo cropping best apple
neutral,.@apple thanks for fixing this... http://t.co/wTj1ogDO,apple thanks fixing http cowtj ogdo
neutral,Hell yes!!! Got my contacts back!!  Thanks @apple,hell contact back thanks apple
negative,RT @SawyerHartman: I FU*KING LOVE YOU @APPLE this phone is the best thing ever !! SIRI = BEST THING EVER MADE,sawyerhartman king love apple phone best thing ever siri best thing ever made
positive,@apple has changed life.,apple changed life
neutral,Mad props to the @apple employee that didn't charge me to replace the back plate on my iPhone! Made my day!,prop apple employee charge replace back plate iphone made
positive,"@jonsibley Actually, the @Apple  mouse is pretty sweet man.",jonsibley actually apple mouse pretty sweet
neutral,The #iphone4s is  amazing. Siri's voice recognition is absolutely a step above previous attempts. Bravo @apple,iphone amazing siri voice recognition absolutely step previous attempt bravo apple
neutral,Finally got the @apple IPhone thanks to @sprint getting with the times,finally apple iphone thanks sprint getting time
neutral,#iOs5 is nice and as it had to be ! Thanks @Apple,nice thanks apple
neutral,Good support fm Kevin @apple #Bellevue store 4 biz customers TY!,good support kevin apple bellevue store customer
neutral,Just downloaded IOS 5. It's better than I expected! #thankyou @apple,downloaded better expected thankyou apple
neutral,@Apple: Siri is amazing!!! I'm in love!,apple siri amazing love
neutral,Have never had such poor customer service at @Apple before! What happened? (@ Apple Store w/ 2 others) http://t.co/GKlXMUi6,never poor customer service apple happened apple store others http cogklxmui
neutral,"@Apple your service experience is really fucking slipping (except for cute, eyelash batting girlies). (@ Apple Store) http://t.co/dOHDEnMg",apple service experience really fucking slipping except cute eyelash batting girlies apple store http codohdenmg
neutral,Had ma Ipas not 24 hours an I jailbroke it...now its SHAGGED itunes won't letme restore it @apple SYM!!!!,ipas hour jailbroke shagged itunes letme restore apple
neutral,@hailfire101 @Irvysan They are... then @apple happened and snatched Siri so they could be douchebags and say 'it's ours!',hailfire irvysan apple happened snatched siri could douchebags
positive,What was @apple thinking making #Siri totally dependent on a network connection? Siri + @ATT = utter frustration.,apple thinking making siri totally dependent network connection siri utter frustration
positive,Wow the Genius Bar Reservation Line @Apple is ridic right now - ___- I am not amused. #ugh,genius reservation line apple ridic right amused
neutral,"Where is my iPhone!?!?!?!
@apple",iphone apple
neutral,@apple battery life suck on iOS 5,apple battery life suck
neutral,An apple update has seemed to render my work machine incapable of opening HDV video. Thanks @Apple. Zero useful productivity today.,apple update seemed render work machine incapable opening video thanks apple zero useful productivity today
neutral,@apple I committed to your cloud storage iDisk and now it's raining :-( so soon no more iDisk.  Any plans for a new service for storage?,apple committed cloud storage idisk raining soon idisk plan service storage
neutral,"Hey @apple why can't I share a reminder list from my iPhone?
Also why can't I login to the iCloud webpage to modify sharing from my phone?",apple share reminder list iphone also login icloud webpage modify sharing phone
neutral,Apparently fuzzball crashes on #iOS5. Congratulations @apple on another incompatible upgrade,apparently fuzzball crash congratulation apple another incompatible upgrade
neutral,could @apple lion please integrate vertical spaces in mission control. this horizontal business is making me nauseous,could apple lion please integrate vertical space mission control horizontal business making nauseous
neutral,Can someone plz explain to me whhyy @apple is only distributing 2-3 phones per day to the sprint stores. I'm really ... http://t.co/uf9taK8f,someone explain whhyy apple distributing phone sprint store really http couf
neutral,"GAH. @apple iOS 5 opens text messages painfully slow, on top of 3 restore attempts 2 succeed. Early adopterness gets better of me.",apple open text message painfully slow restore attempt succeed early adopterness get better
neutral,Dear @apple: Why did all my PDFs and ePub files disappear from ibooks in my iPhone post ios5 upgrade? This hurts. #3GS #needsomethingtoread,dear apple pdfs epub file disappear ibooks iphone post upgrade hurt needsomethingtoread
positive,‚Äú@CBM: Lies @apple. the battery on this new iPhone4S is definitely not any better.‚Äù &lt;&lt; check Settings: 8 times more App usage in iOS 5,lie apple battery iphone definitely better check setting time usage
neutral,As a huge podcast fan - I really feel like @Apple dropped the ball on this one. http://t.co/wvzPrbCI via @Carrypad,huge podcast really feel like apple dropped ball http cowvzprbci carrypad
negative,I don't really like Siri's voice. Perhaps @apple can get Star Wars voices just like @garmin http://t.co/pSUJg9pN,really like siri voice perhaps apple star war voice like garmin http copsujg
negative,"‚Äú@carlton858: I really hate dealing with the brain dead people at the @apple store. For such good products, customer service sucks.‚Äù in NZ?",carlton really hate dealing brain dead people apple store good product customer service suck
negative,"I really hate dealing with the brain dead people at the @apple store. For such good products, customer service sucks.",really hate dealing brain dead people apple store good product customer service suck
neutral,"You can make photo albums in the Photos app with iOS 5, but can't password protect them? Um... @apple, fix that. Quickly.",make photo album photo password protect apple quickly
neutral,Anyone else seeing missing signal bars on their #iPhone 3GS with an upgrade to #iOS5? cc/ @applecanada @apple @forstall,anyone else seeing missing signal bar iphone upgrade applecanada apple forstall
positive,RT @CBM: Lies @apple. the battery on this new iPhone4S is definitely not any better.,lie apple battery iphone definitely better
negative,"@apple If you want to know what customers think dont send updates with the ""noreply"" return address. Who invented that anyway. #useless",apple want know customer think dont send update noreply return address invented anyway useless
neutral,"Every time I try the voice control on my iPod Touch to send an iMessage, it starts playing ""Who Knew"" by Pink.  Still not Flawless @Apple",every time voice control ipod touch send imessage start playing knew pink still flawless apple
positive,should be studying/ doing work but no I'm hold with @apple HURRY THE FUCK UP! #nopatience,studying work hold apple hurry fuck nopatience
neutral,Ok Hindi keyboard in #iOS5 is something to cheer about.  But @apple  what about  support for 20+ missing Indian languages!? #FAIL,hindi keyboard something cheer apple support missing indian language fail
neutral,"RT @ScottDugas: Warning: if iphone apps spontaneously loose data, it might not be the app's fault - http://t.co/1SEsvWwm #ios5downgrade  ...",scottdugas warning iphone apps spontaneously loose data might fault http sesvwwm downgrade
neutral,@betweensundays Ah! Yeah...should be an option...hopefully @apple figures that out. Thx,betweensundays yeah option hopefully apple figure
neutral,"""Waiting for items to copy"" in Itunes after everything DID copy goes on, and on, and on.  Come on @Apple, what the hell?",waiting item copy itunes everything copy go come apple hell
positive,@Apple unhappy again with service/product quality. Won't buy @Apple again.,apple unhappy serviceproduct quality apple
positive,Lies @apple. the battery on this new iPhone4S is definitely not any better.,lie apple battery iphone definitely better
neutral,"‚Äú@philipgrey: dear @apple, why you gotta go change the way &lt;input type=""number""&gt; is handled out of the blue?‚Äù",philipgrey dear apple got ta change input type number handled blue
neutral,"Been on hold with @apple customer service for 25 minutes. Wow, lt's like they're #timewarnercable.",hold apple customer service minute like timewarnercable
neutral,anyone else stuck in duped calendar/mail/battery sucking @apple hell? #iCloud and #OSX Lion are a disappointment,anyone else stuck duped calendarmailbattery sucking apple hell icloud lion disappointment
positive,For being the inventor of the computer mouse ‚Äî Why is it that @Apple has never made one that is not a complete piece of fucking shit?!!?,inventor computer mouse apple never made complete piece fucking shit
negative,"@Apple you're killing me. Excited about iOS5 no longer- tragic battery drain, genius bar wants to replace the battery. Really?",apple killing excited longer tragic battery drain genius want replace battery really
positive,1st impressions  of #iOS5- Disappointed w upgrade restore. Lot of apps & folders missing @apple do  how much time went in2 orging it? #fail,impression disappointed upgrade restore apps folder missing apple much time went orging fail
neutral,@PrJusto Don't question the @Apple they will remember your dissent!,prjusto question apple remember dissent
positive,"@apple: Multiple times siri is ""having trouble connecting to the network.""  Siri needs servers (and some exercise!)",apple multiple time siri trouble connecting network siri need server exercise
neutral,So my iMessage still isn't working! @apple,imessage still working apple
neutral,RT @JimMcNiel: if @apple does not resolve the #Siri network issues they will need to rename a great product to Sorri - Who else is havin ...,jimmcniel apple resolve siri network issue need rename great product sorri else havin
neutral,"dear @apple, why you gotta go change the way &lt;input type=""number""&gt; is handled out of the blue?",dear apple got ta change input type number handled blue
neutral,Ugh. WTF is up with all the bottlenecks @paypal @apple?,bottleneck paypal apple
positive,+1  RT @Doug_Newton: @apple PLEASE FIX #Siri!!!! She can't connect to your network!!!!!!!,doug newton apple please siri connect network
neutral,@apple PLEASE FIX #Siri!!!! She can't connect to your network!!!!!!!,apple please siri connect network
neutral,if @apple does not resolve the #Siri network issues they will need to rename a great product to Sorri - Who else is having issues?,apple resolve siri network issue need rename great product sorri else issue
neutral,any chance @apple will release good headphones that dont blast music outside the ears? #iphone #ipod its quite obnoxious,chance apple release good headphone dont blast music outside ear iphone ipod quite obnoxious
neutral,".@Apple has a record quarter and because a bunch of professional guessers (aka analysts) wanted more, its a disappointment #wtf",apple record quarter bunch professional guesser analyst wanted disappointment
neutral,@Apple how fun wouldn't it be if it was possible to integrate  ( soon to be named ) with notifications?,apple possible integrate soon named notification
neutral,"Interesting read on war b/w @Apple & @Samsung- http://t.co/Vt9d24Yi -using latter, agree lack of innovation, but better specs at same price!",interesting read apple samsung http covt using latter agree lack innovation better spec price
neutral,RT @adamnash: The takeaway from the @Apple earnings call?  Even Apple needs a new iPhone release every 12 months to stay competitive. cc ...,adamnash takeaway apple earnings call even apple need iphone release every month stay competitive
neutral,The takeaway from the @Apple earnings call?  Even Apple needs a new iPhone release every 12 months to stay competitive. cc: @hblodget,takeaway apple earnings call even apple need iphone release every month stay competitive hblodget
neutral,Today's headline: @apple reports lower 4Q earnings. Headline in 3 months: @Apple reports record Q1 earnings.,today headline apple report lower earnings headline month apple report record earnings
neutral,"Win an @Apple iPod Touch from @Mommy_gaga, get the @Pampers Hello World Baby Memories App! http://t.co/XVcch6Os #PampersHelloApps""",apple ipod touch mommy gaga pampers hello world baby memory http coxvcch pampershelloapps
neutral,@apple expanded the app store to more than 20 new countries in the december quarter,apple expanded store country december quarter
positive,@Apple will be rolling out iPhone 4S to more than 20 more countries by the end of the month.,apple rolling iphone country month
neutral,Is it JUST a coincidence that @Apple named their virtual assistant after Tom and Katie's robot daughter?,coincidence apple named virtual assistant katie robot daughter
neutral,Good or Bad results for @Apple ? Depends on who you ask apparently http://t.co/yDH8ffxE,good result apple depends apparently http coydh ffxe
positive,Interesting times when increasing your revenue from $20B to $28B in a recession is considered a disappointment. @apple,interesting time increasing revenue recession considered disappointment apple
neutral,People are waiting in line @apple for phones at 1:30 on a Tuesday! Don't you people have Jobs(no pun intended?)???,people waiting line apple phone tuesday people job intended
negative,"@Apple Would much rather get outta this having a ( see pic ) and have fun with this "" Have your friends choose music"" http://t.co/7IiHbr4J",apple would much rather outta friend choose music http iihbr
neutral,RT @CRMStrategies: Great Tech War of 2012 http://t.co/64jGRoBp @FastCompany profiles @Amazon @Apple @Google @Facebook on @CNBC /ht @phil ...,crmstrategies great tech http jgrobp fastcompany profile amazon apple google facebook cnbc phil
positive,@apple gonna see if anyone stayed logged into their fb or twitter #TroubleMaker,apple gon na anyone stayed logged twitter troublemaker
neutral,@leg3nd @apple the new iPhone?,apple iphone
neutral,"If you've been struggling to get hold of me, I'm back online with a new iPhone - thanks @apple",struggling hold back online iphone thanks apple
neutral,"Hey @Apple, pretty much all your products are amazing. You blow minds every time you launch a new gizmo. That said, your hold music is crap.",apple pretty much product amazing blow mind every time launch gizmo said hold music crap
neutral,Great Tech War of 2012 http://t.co/64jGRoBp @FastCompany profiles @Amazon @Apple @Google @Facebook on @CNBC /ht @philsimon,great tech http jgrobp fastcompany profile amazon apple google facebook cnbc philsimon
neutral,@Jake_Gyllenhaal So you've made up with @Apple?,jake gyllenhaal made apple
positive,@Apple has a pic of Steve Jobs on their home page. #Honor,apple steve job home page honor
neutral,"@Apple to shut stores!!! C'mon, Only Wednesday for @SteveJobs memorial.",apple shut store wednesday stevejobs memorial
neutral,@Motorola is the Best Android-powered company that is going against @Apple.,motorola best android powered company going apple
neutral,@apple #readyfor5.0.1 http://t.co/M2FqakYr,apple readyfor http fqakyr
positive,This is what I have been waiting for RT @Apple The last big project Steve Jobs was working on was the new cranial insertion device: iMplant.,waiting apple last project steve job working cranial insertion device implant
neutral,Apple Users Get The official Kalifornia Cavi App on your Apple Device now on  - powered by @Apple - Download it free http://t.co/HlGnvlRw,apple user official kalifornia cavi apple device powered apple download free http cohlgnvlrw
neutral,The official Kalifornia Cavi Mobil App is now available on the app store - powered by @Apple - Download it free http://t.co/HlGnvlRw,official kalifornia cavi mobil available store powered apple download free http cohlgnvlrw
neutral,"#Win an @Apple iPod Touch from @Mommy_gaga, get the @Pampers Hello World Baby Memories App! http://t.co/I6woujUh #PampersHelloApps",apple ipod touch mommy gaga pampers hello world baby memory http woujuh pampershelloapps
neutral,@Apple #RIPSteve RT @davepeck: Steve Jobs and the Seven Rules of Success http://t.co/4nLRLdWy,apple ripsteve davepeck steve job seven rule success http nlrldwy
neutral,"macbreak weekly @TWiT via @apple airplay in full HD on the 42"". finally! @leolaporte @Ihnatko @alexlindsay",macbreak weekly twit apple airplay full finally leolaporte ihnatko alexlindsay
neutral,"Stay young, stay foolish. But take ownership when u f*ck up, don't complain, and never give up. #resilience @apple",stay young stay foolish take ownership complain never give resilience apple
neutral,"Dear @motorola, I smell a lawsuit coming your way. cc: @apple #motoactv",dear motorola smell lawsuit coming apple motoactv
positive,RT @hofmania: I just paid someone to wait in line at the @apple store this morning for me on @zaarly #putapriceonconvenience #iphone htt ...,hofmania paid someone wait line apple store morning zaarly putapriceonconvenience iphone
neutral,@apple Or @Microsoft Buying Out @RIM ?,apple microsoft buying
negative,@apple Why don't you have a wireless remote for Keynote presentations w a MacBook Air?  Nobody wants to see the pith man navigate w a iPhone,apple wireless remote keynote presentation macbook nobody want pith navigate iphone
neutral,"RT @HaendelBalzora: dear @apple please invent ""FaceTime Voicemails."" sincerely, haendel balzora jr. #apple",haendelbalzora dear apple please invent facetime voicemail sincerely haendel balzora apple
neutral,"#Win an @Apple iPod Touch from @Mommy_gaga, get the @Pampers Hello World Baby Memories App! http://t.co/YUydxo1t #PampersHelloApps",apple ipod touch mommy gaga pampers hello world baby memory http coyuydxo pampershelloapps
neutral,"dear @apple please invent ""FaceTime Voicemails."" sincerely, haendel balzora jr. #apple",dear apple please invent facetime voicemail sincerely haendel balzora apple
neutral,"RT @jesperordrup: Hi @apple. Household has 4 iphones, 2 ipads, 2 minis, 2 apple tv, AirPorts, Timecapsule +. Whats a usable iPhoto shari ...",jesperordrup apple household iphones ipads mini apple airport timecapsule whats usable iphoto shari
positive,Couldnt help it & explored the #iphone4s @apple store & talked to #Siri... Should've tried to speak to her in French?! #nexttime,couldnt help explored iphone apple store talked siri tried speak french nexttime
neutral,"is it just me or do other people miss the iPod symbol on the iPhone? I had the first iPod, it's what I relate to @apple #ios5 #nostalgia",people miss ipod symbol iphone first ipod relate apple nostalgia
neutral,@ATTCustomerCare @att @apple I already have an iPhone 4 with an ATT contract. Can I buy a factory UNLOCKED iPhone 4S with my contract?,attcustomercare apple already iphone contract factory unlocked iphone contract
positive,RT @HowardMortman: .RT @edatpost: .@Apple fan Eric Holder spotted at the Genius Store http://t.co/7vZSIXpy,howardmortman edatpost apple eric holder spotted genius store http vzsixpy
neutral,"Hi @apple. Household has 4 iphones, 2 ipads, 2 minis, 2 apple tv, AirPorts, Timecapsule +. Whats a usable iPhoto sharing setup? /cc @maddox",apple household iphones ipads mini apple airport timecapsule whats usable iphoto sharing setup maddox
neutral,RT @edatpost: Bah! Genius BAR // RT @edatpost: .@Apple fan Eric Holder spotted at the Genius Store http://t.co/FTLttLPn,edatpost genius edatpost apple eric holder spotted genius store http coftlttlpn
positive,#motoactiv? Methinks @apple and maybe @Nike are already prepping lawsuits,motoactiv methinks apple maybe nike already prepping lawsuit
negative,Check this video out -- moe. plays Live on iPads. Video dedicated in memory of #SteveJobs http://t.co/XSiyDnqu @ipad @mac @apple #brilliant,check video play live ipads video dedicated memory stevejobs http coxsiydnqu ipad apple brilliant
neutral,Bah! Genius BAR // RT @edatpost: .@Apple fan Eric Holder spotted at the Genius Store http://t.co/FTLttLPn,genius edatpost apple eric holder spotted genius store http coftlttlpn
neutral,Evolution of @Apple Ads 1975-2002: http://t.co/QTOqOZ42 @thesavoia #stevejobs #tech #art,evolution apple http coqtoqoz thesavoia stevejobs tech
neutral,@apple #siri http://t.co/k7b686hX,apple siri http
positive,.RT @edatpost: .@Apple fan Eric Holder spotted at the Genius Store http://t.co/LCTPxHF5,edatpost apple eric holder spotted genius store http colctpxhf
neutral,RT @edatpost: .@Apple fan Eric Holder spotted at the Genius Store http://t.co/FTLttLPn,edatpost apple eric holder spotted genius store http coftlttlpn
positive,RT @edatpost: .@Apple fan Eric Holder spotted at the Genius Store http://t.co/OshPyV2G,edatpost apple eric holder spotted genius store http cooshpyv
neutral,New Arrivals and 70 percent off Clearance of Matching G http://t.co/qQcwyl4b@Lds @Scriptures @Apple @E @Book,arrival percent clearance matching http coqqcwyl scripture apple book
neutral,Today very cheap for Patio Furniture San Anton http://t.co/Sd3i1bjm@Plastic @Apple @Bags,today cheap patio furniture anton http cosd plastic apple bag
neutral,Causando na loja da @apple,causando loja apple
neutral,"Fico manso os pre√ßos desses IPHONEs,absurdos R$ 2.500! Assim n√£o d√° F√≠a @apple, S√≥ se eu fizesse programa na Beira Mar :(",fico manso des iphones absurdos assim apple fizesse programa beira
neutral,Find more the best Angel Christmas Tree O http://t.co/d5G1rY5d@Starfrit @Apple @Peeler,find best angel christmas tree http starfrit apple peeler
positive,Find more the best Maytag Washer Control Board deal.Check pric http://t.co/SNdkAg3e@Best @Apple @Peeler,find best maytag washer control board deal check pric http cosndkag best apple peeler
negative,Find more the best Cyst On Knee deal.Check price of best Cyst On Knee and offers now. http://t.co/qzYnNuvI@Automatic @Apple,find best cyst knee deal check price best cyst knee offer http coqzynnuvi automatic apple
neutral,Do not check other site for Uhmw Conveyor.Now you go best site of Uhmw Conveyor. http://t.co/8RMV5D2q@9 @Pin @Cable @Apple,check site uhmw conveyor best site uhmw conveyor http cable apple
negative,Do not check other site for Ed Hardy Black Long Sl http://t.co/hengQGqp@Unlocked @Apple @Touch @Phones,check site hardy black long http cohengqgqp unlocked apple touch phone
neutral,"RT @ThBenkoe: hey @apple! dass man selektiv keine einzelnen fotos (peinliche, √ºberfl√ºssige etc.) aus dem fotostream l√∂schen kann, ist do ...",thbenkoe apple das selektiv keine einzelnen fotos peinliche berfl ssige fotostream schen kann
neutral,Esperaba mas de &quot;IOS 5&quot; @Apple,esperaba quot quot apple
negative,Hello you are find Mesh Jacket Motorcycle? Our site have more Mesh http://t.co/tYg4Ualc@Ace @Hardware @Apple @Pee,hello find mesh jacket motorcycle site mesh http cotyg ualc hardware apple
neutral,to reiniciando meu computador. √≥ as id√©ia @apple,reiniciando computador apple
neutral,@chriswglowe @apple @gadgetlab you can tell me tonight ;-) cracking open the vodka tonight if you fancy ?,chriswglowe apple gadgetlab tell tonight cracking open vodka tonight fancy
neutral,Buy more products of Hemp Jewelry Instructions now.Free ship http://t.co/928bPS4t@Lehmans @Apple @Peeler,product hemp jewelry instruction free ship http lehmans apple peeler
neutral,@rogriffo VC Viu ontem A @Apple Estava dando IPhone 3 No Site dos estados Unidos,rogriffo ontem apple estava dando iphone site estados unidos
neutral,Sabias que.... RT @MkDirecto Los usuarios del #iPad desayunan y cenan con la #tableta de @Apple: http://t.co/eYXCQQmK,sabias mkdirecto usuarios ipad desayunan cenan tableta apple http coeyxcqqmk
neutral,Today very cheap for Hemp For Fuel.And Free shipping for Hemp For Fuel too. http://t.co/8gyJLbMW@Farberware @Apple @Peeler,today cheap hemp fuel free shipping hemp fuel http gyjlbmw farberware apple peeler
neutral,Discount Hemp Knots today.Cheap price too.Save money for best Hemp Knots. http://t.co/9H3jopLq@Avanti @Apple @Peeler,discount hemp knot today cheap price save money best hemp knot http joplq avanti apple peeler
neutral,Today very cheap for 2198597 Icemaker.And Free shipping for 2198597 Icemaker too. http://t.co/6CLkWAiO@French @Apple @Peeler,today cheap icemaker free shipping icemaker http clkwaio french apple peeler
neutral,"Took me months to decide, but tonight I have chosen #google over Amazon S3 for image storage solution.",took month decide tonight chosen google amazon image storage solution
positive,RT @spacecanard Today's the Day. ICS &lt;3 #android #google #samsung,spacecanard today android google samsung
neutral,"The new Nexus looks good! UI feel a bit confusing but I guess Android users are ok with that! Now, try it :) #Google #android #nexusprime",nexus look good feel confusing guess android user google android nexusprime
neutral,Very nice trivia game by #Google. Helps you use their search better http://t.co/ikN087ZE,nice trivia game google help search better http coikn
neutral,Very nice trivia game by #Google. Helps you use their search better http://t.co/c5Tu3dZK #fb,nice trivia game google help search better http
positive,Cant build a website. Get a #Google website #Free ! http://t.co/7qUy4uOU,cant build website google website free http
negative,#Android ICS is looking pretty good. Not quite sure if its worth the 4.0 numbering leap. #google,android looking pretty good quite sure worth numbering leap google
neutral,@Tita_Ramos #Google it =),tita ramos google
positive,RT @p1j Android 4.0 Ice Cream Sandwich is Here with a Google Nexus in new Avtar!   http://t.co/MTu7tGx7   #android #google #nexus #BigMAMA,android cream sandwich google nexus avtar http comtu android google nexus bigmama
neutral,"Me too RT @MohamedG: Exciting day, It's Ice cream Sandwich day ;) #Google #Android",mohamedg exciting cream sandwich google android
negative,WOW the new #Google #Nexus is just beautiful. totally gonna boost google's market share in the smart phone market.,google nexus beautiful totally gon na boost google market share smart phone market
neutral,"hahaha integrated data usage manager... in sucha brilliant way, sleek design, superb and I'm only watching videos LOL #Google",hahaha integrated data usage manager sucha brilliant sleek design superb watching video google
neutral,I fancy an Ice Cream Sandwich #google #android. Wonder it will works on my HTC Desire?,fancy cream sandwich google android wonder work desire
positive,"Google Ice Cream Sandwich - sounds yummy!  What do you think? http://t.co/gMsgXcq8
#google #Android #ice cream sandwich",google cream sandwich sound yummy think http cogmsgxcq google android cream sandwich
neutral,#Google Me!!!!!!!!,google
neutral,"Exciting day, It's Ice cream Sandwich day ;) #Google #Android",exciting cream sandwich google android
positive,Android 4.0 Ice Cream Sandwich is Here with a Google Nexus in new Avtar!   http://t.co/mSWX6Eo6   #android #google #nexus #BigMAMA,android cream sandwich google nexus avtar http comswx android google nexus bigmama
neutral,@Bla1ze I was referring to #Google & #Icecreamsandwich. It looks amazing. What imo android was missing. I ... http://t.co/rE4nLZgI,referring google icecreamsandwich look amazing android missing http core nlzgi
neutral,http://t.co/QV4m1Un9 Forget the phone.. Nice UI. Liking the Scroll Feature #android #google #nexus,http coqv forget phone nice liking scroll feature android google nexus
positive,#Google People app...the next revolution in stalking.,google people next revolution stalking
neutral,first thing on #google's to do list: hire a performance coach.,first thing google list hire performance coach
positive,"#Samsung, #Google Unveil Phone http://t.co/hOB37hbO",samsung google unveil phone http cohob
positive,Why is #Google whoring for SAMSUNG? #ICS,google whoring samsung
neutral,"If #Google don't fix pinch-zoom on #Android 2.3.6 soon, I might have to leave the fold and go #CyanogenMod",google pinch zoom android soon might leave fold cyanogenmod
positive,facial recognition failed #IceCreamSandwich jajajajajajaj #FacialUnlock #samsumg #Google,facial recognition failed icecreamsandwich jajajajajajaj facialunlock samsumg google
neutral,"Ouch, crash and burn. #Android facial recognition in #IceCreamSandwich didn't work during the presentation. http://t.co/6vsasZyT #Google",ouch crash burn android facial recognition icecreamsandwich work presentation http vsaszyt google
neutral,Google is gonna need to do better than this to beat #iOS #Android #icecreamsandwich #Google http://t.co/tBNyX7p7,google gon na need better beat android icecreamsandwich google http cotbnyx
neutral,RT @RoycinD: Face Unlock ! #ICS Literally knows your face! #Google #galaxynexus FAILED !,roycind face unlock literally know face google galaxynexus failed
neutral,#fail on the face recognition not working #google #samsung,fail face recognition working google samsung
positive,The face recognition unlock would be cool if it works. #android #google #icecreamsandwich,face recognition unlock would cool work android google icecreamsandwich
neutral,On Google+ then go here http://t.co/oTBwkxo9 #GPlus #Googleplus #Google #teamfollowback #socialnetwork,google http cootbwkxo gplus googleplus google teamfollowback socialnetwork
positive,Who else is on g+ ? Add for add? Let me know.  #TFB #TAF #google+,else know google
neutral,Have anyone of you found a Twitter to Google+ tool? #Google #Twitter,anyone found twitter google tool google twitter
negative,#Google unveils next iteration of #Android - #icecreamsandwich - with several revamps incl facial recognition security http://t.co/xMrZVkav,google unveils next iteration android icecreamsandwich several revamps incl facial recognition security http coxmrzvkav
neutral,"Google Offers to compete with Groupon, Living Social - Pittsburgh Post-Gazette http://t.co/Wwj3xvdm #google",google offer compete groupon living social pittsburgh post gazette http cowwj xvdm google
neutral,What does it take to get a job at #Google? #recruiting http://t.co/eVjiH7oD,take google recruiting http coevjih
positive,"Samsung Galaxy Nexus, Android Ice Cream Sandwich unveiled http://t.co/wWrYcM04 #android #google #samsung",samsung galaxy nexus android cream sandwich unveiled http cowwrycm android google samsung
neutral,http://t.co/e5ClGzsI #google,http clgzsi google
neutral,#Google #Ice Cream Sandwich (#Android 4.0): a hands-on ##screenshot #gallery http://t.co/bpZRz337,google cream sandwich android hand screenshot gallery http cobpzrz
positive,Now it's time for some Ice Cream Sandwich! #Samsung launched it's latest Android Galaxy Nexus phone powered by #Google,time cream sandwich samsung launched latest android galaxy nexus phone powered google
positive,in the theater .. there are are a good 300 ppl here. #guae #google #dubai http://t.co/OjykYcfo,theater good guae google dubai http coojykycfo
positive,#Android #Google Samsung Galaxy Nexus official hands-on [Video] http://t.co/6GX3R9MT #DhilipSiva,android google samsung galaxy nexus official hand video http dhilipsiva
neutral,RT @NeowinFeed: Android 4.0 Ice Cream Sandwich announcement round-up #android #google http://t.co/L5m9uwD7 #neowin,neowinfeed android cream sandwich announcement round android google http neowin
neutral,RT @iPadPowerUsers On Google+ then go here http://t.co/1OGs2xA9 #GPlus #Googleplus #Google #teamfollowback #socialnetwork,ipadpowerusers google http gplus googleplus google teamfollowback socialnetwork
neutral,Did #Facebook Just Beat #Google At Its Own Game? http://t.co/SiJsB3ME #socialmedia,facebook beat google game http cosijsb socialmedia
neutral,Did #Facebook Just Beat #Google At Its Own Game? http://t.co/xVonCBeb #socialmedia,facebook beat google game http coxvoncbeb socialmedia
positive,#Google Says ICS Is Coming To The #Nexus S And ‚ÄúTheoretically‚Äù Should Work With 2.3 Devices http://t.co/TY0HDQAm,google say coming nexus theoretically work device http coty hdqam
negative,RT @twandroid Nouvelle gestion des onglets sur le navigateur #google #nexusprime,twandroid nouvelle gestion onglets navigateur google nexusprime
neutral,"""Request desktop site"" : fonction tr√®s sympa #google #nexusprime",request desktop site fonction sympa google nexusprime
neutral,Reconnaissance faciale poir debloquer ton phone :-)  #google #android,reconnaissance faciale poir debloquer phone google android
neutral,Nouvelle gestion des onglets sur le navigateur #google #nexusprime,nouvelle gestion onglets navigateur google nexusprime
negative,RT @twandroid: Hugo Barra sur sc√®ne #google #nexusprime,twandroid hugo barra google nexusprime
neutral,A los interesados pueden seguir la presentaci√≥n stream de #google y #samsung sobre lo nuevo de #android,interesados pueden seguir presentaci stream google samsung sobre nuevo android
neutral,Use Caution When Sharing on Social Networks http://t.co/SXNoBASn via @LarryMagid #youth #facebook #google+,caution sharing social network http cosxnobasn larrymagid youth facebook google
neutral,Int√©gration de la reconnaissance vocale #google #nexusprime,gration reconnaissance vocale google nexusprime
neutral,RT @twandroid: Les notifications sont visibles depuis le lockscreen #google #nexusprime,twandroid notification sont visibles depuis lockscreen google nexusprime
neutral,RT @twandroid: Possibilit√© de supprimer les notifications en les swipant (comme sur Cyanogen) #google #nexusprime,twandroid possibilit supprimer notification swipant comme cyanogen google nexusprime
neutral,En train de suivre la keynote Google - Ice Cream Sandwich.. #Google #icecreamsandwich,train suivre keynote google cream sandwich google icecreamsandwich
negative,Deep Linking Plugin - Black... http://t.co/RnF3cNu8 #seo #search #google #hack #sem #it #business #web #marketing #online #yes #hot #winning,deep linking plugin black http cornf search google hack business marketing online winning
positive,"#galaxy #nexus #android #google / —ç–∫—Ä–∞–∞–∞–∞–∞–∞–Ω / -4,7'' / -super HD amoled / -1280x720  / -16:9 /  / –∫–∞–º–µ—Ä–∞ / 5–º... http://t.co/3cbUMlg3",galaxy nexus android google super amoled http cbumlg
neutral,RT @twandroid Le barom√®tre est inclus dans le Galaxy Nexus #google #nexusprime,twandroid barom inclus dans galaxy nexus google nexusprime
neutral,Just participated in another #Microsoft #SQLServer certification test with #TSQL typing instead of multiple choices. Really cool.,participated another microsoft sqlserver certification test tsql typing instead multiple choice really cool
neutral,#Microsoft #Opens The Door To Two #Spanish #Entrepreneurs With #Medical #Project ! http://t.co/c97sNizT,microsoft open door spanish entrepreneur medical project http snizt
neutral,"#Buffalo, #Intel, #Microsoft, #IBM are the best pavilions at #SMAU",buffalo intel microsoft best pavilion smau
neutral,Windows Phone 7.5 Mango Update Process Ahead of Schedule. http://t.co/p1hwo73x  #Microsoft #WindowsPhone #Mango,window phone mango update process ahead schedule http microsoft windowsphone mango
neutral,WP7 is getting there: #Microsoft Claws Back to Smartphone Relevance: Rich Jaroslovsky - Bloomberg http://t.co/JIMML4RC via @BloombergNews,getting microsoft claw back smartphone relevance rich jaroslovsky bloomberg http cojimml bloombergnews
positive,On #Microsoft Excel making functions like it's my job #Productive,microsoft excel making function like productive
positive,RT @Logic2020: Why I love #Microsoft &gt; Microsoft hosting Kids TechFest to encourage careers in tech  http://t.co/fmzFWgYv #babygeeks  ...,logic love microsoft microsoft hosting kid techfest encourage career tech http cofmzfwgyv babygeeks
neutral,#Microsoft word works on my computer again! Yessss,microsoft word work computer
neutral,"In terms of unified communications giants, really surprised to see how underrated #Microsoft is",term unified communication giant really surprised underrated microsoft
neutral,#Microsoft dishing out free first-gen WP7 handsets at its stores http://t.co/cvfWMvmO,microsoft dishing free first handset store http cocvfwmvmo
neutral,"Will watch this one with interest! RT @RossMistry: #Microsoft Codename ""Data Explorer"" CTP Coming ... http://t.co/kvJSerCj via @scottyd99999",watch interest rossmistry microsoft codename data explorer coming http cokvjsercj scottyd
neutral,Lunch today: 19.00  Eating it at #Microsoft while attending #VSLive?  Priceless.,lunch today eating microsoft attending vslive priceless
neutral,"Will watch this one with interest! RT @RossMistry: #Microsoft Codename ""Data Explorer"" CTP Coming Next Month  http://t.co/vpQOyXWa",watch interest rossmistry microsoft codename data explorer coming next month http covpqoyxwa
neutral,"""#Microsoft details Search improvements in Windows 8 Start Screen"" http://t.co/Agv49znJ",microsoft detail search improvement window start screen http coagv
positive,Mango shows #Microsoft still has the taste for smartphone success http://t.co/AFm8VSMm  #wp7 #mango,mango show microsoft still taste smartphone success http coafm vsmm mango
positive,RT @bmann Awesome! @TommyLee is moving to #Vancouver as Dev Evangelist for #Microsoft - we finally get a local,bmann awesome tommylee moving vancouver evangelist microsoft finally local
positive,Awesome! @TommyLee is moving to #Vancouver as Dev Evangelist for #Microsoft - we finally get a local,awesome tommylee moving vancouver evangelist microsoft finally local
neutral,Microsoft Stores offer up free Windows Phone 7 devices #microsoft #microsoftstores: Microsoft's retail stores ar... http://t.co/r2RndN6Y,microsoft store offer free window phone device microsoft microsoftstores microsoft retail store http rndn
neutral,Microsoft Stores offer up free Windows Phone 7 devices #microsoft #microsoftstores http://t.co/xoLRaueY #microsoft,microsoft store offer free window phone device microsoft microsoftstores http coxolrauey microsoft
neutral,Microsoft Stores offer up free Windows Phone 7 devices #microsoft #microsoftstores http://t.co/F4HwAN6Q,microsoft store offer free window phone device microsoft microsoftstores http hwan
neutral,Microsoft Stores offer up free Windows Phone 7 devices #microsoft #microsoftstores http://t.co/7YvJMHnQ,microsoft store offer free window phone device microsoft microsoftstores http yvjmhnq
positive,Microsoft Stores offer up free Windows Phone 7 devices #microsoft #microsoftstores http://t.co/hJ8qlOC9 #neowin,microsoft store offer free window phone device microsoft microsoftstores http cohj qloc neowin
neutral,Microsoft Stores offer up free Windows Phone 7 devices #microsoft #microsoftstores http://t.co/BpFKyd1O,microsoft store offer free window phone device microsoft microsoftstores http cobpfkyd
neutral,#Microsoft store here I come to spend my hard earned cash. #vslive,microsoft store come spend hard earned cash vslive
neutral,just upgraded to win 8 on my pc only for it to tell me it failed to install and they dont know what happened thats #microsoft for you!,upgraded tell failed install dont know happened thats microsoft
neutral,Really hate the #Microsoft #mcp site,really hate microsoft site
positive,Screened by RepRisk ‚Äì #Microsoft will undergo trial for its alleged anti-competitive practices @Microsoft,screened reprisk microsoft undergo trial alleged anti competitive practice microsoft
neutral,"I have concluded, having used it since March, that Windows 7 Ultimate is a complete catastrophe. Mr Gates, you have lost the plot #Microsoft",concluded used since march window ultimate complete catastrophe gate lost plot microsoft
neutral,How #Apple eclipsed #Microsoft http://t.co/dL9CRCZy,apple eclipsed microsoft http codl crczy
positive,Oh how much do I loathe #microsoft??? An hour to 'configure updates' which it is then unable to do so another 20 mins 'reverting changes'...,much loathe microsoft hour configure update unable another min reverting change
neutral,"http://t.co/zBLtZ5MW German Federal #Trojan's got a BigBrother. #Gov spying on its people, #Microsoft's 32bit/64bit #Windows is target",http cozbltz german federal trojan bigbrother spying people microsoft window target
neutral,"#Microsoft, #Adobe lose $13.5bn to piracy: Report http://t.co/x4yWfNSV",microsoft adobe lose piracy report http ywfnsv
neutral,"#Microsoft, #Adobe lose $13.5bn to piracy: Report http://t.co/wXBC1UUw",microsoft adobe lose piracy report http cowxbc
neutral,"System.IO.File.Delete - You lie! You didn't delete my file, and you didn't throw an exception. WTF!? #microsoft #net",system file delete delete file throw exception microsoft
neutral,"Wilth #Accessibility mode on in #SharePoint 2010, it seems that #Workflows sometimes do not start automatically #SP2010 #Workflow #Microsoft",wilth accessibility mode sharepoint seems workflow sometimes start automatically workflow microsoft
neutral,Internet Explorer 9 is the biggest pile of shit ever seriously #Microsoft #IE9,internet explorer biggest pile shit ever seriously microsoft
neutral,I have been seriously slacking with my #mandarin studies these past few months. Blame #Microsoft and #Cisco!! #StudyingWhilstMotivated,seriously slacking mandarin study past month blame microsoft cisco studyingwhilstmotivated
negative,sledgehammer maybe! RT @SkandalasGP Office blues *drink?* RT @wuppy: #microsoft fail #notresponding for fcucks sake  http://t.co/lCXa9q8P,sledgehammer maybe skandalasgp office blue drink wuppy microsoft fail notresponding fcucks sake http colcxa
neutral,#skype is ruining the friendship with your aggressive #microsoft type selling. If i need something i'll ask. Thank you...,skype ruining friendship aggressive microsoft type selling need something thank
neutral,Office blues *drink?* RT @wuppy: #microsoft fail #notresponding for fcucks sake  http://t.co/VtYbqI91,office blue drink wuppy microsoft fail notresponding fcucks sake http covtybqi
negative,@joannejacobs I'd like to criticise #Microsoft's Steve Ballmer face-to-face for all the pain & suffering their products cause. #justsaying,joannejacobs like criticise microsoft steve ballmer face face pain suffering product cause justsaying
neutral,#microsoft fail #notresponding for fcucks sake  http://t.co/lCXa9q8P,microsoft fail notresponding fcucks sake http colcxa
neutral,How #apple eclipsed #microsoft http://t.co/4bWXJaDg by @charlesarthur #business @guardian,apple eclipsed microsoft http bwxjadg charlesarthur business guardian
neutral,"RT @guardiantech: How #Apple eclipsed #Microsoft http://t.co/GK6YjTFY &lt;- Microsoft's future is in the corporate world, not consumer",guardiantech apple eclipsed microsoft http cogk yjtfy microsoft future corporate world consumer
neutral,"‚ôª @waynp:  Not the MS hate bit tho. &lt; Waddya mean? #microsoft sucks bonobo monkeys' asses... #Linux roolz. For the extremists, there's #BSD",waynp hate waddya mean microsoft suck bonobo monkey ass linux roolz extremist
neutral,"#Microsoft, #Adobe lose $13.5bn to piracy: Report - The Times of India http://t.co/5IbOBNrH",microsoft adobe lose piracy report time india http ibobnrh
positive,"#Skype often crashing: #microsoft, what are you doing?",skype often crashing microsoft
neutral,"#Microsoft's #SteveBallmer attacks #Android phones ..... well #windows7mobile is gay, you metro! http://t.co/sQnE1iLb via @Telegraph",microsoft steveballmer attack android phone well window mobile metro http cosqne telegraph
positive,‚ôª @mariospr: Stand up for your freedom to install free software. Please sign up! http://t.co/YOOTfKTM #gnu #against #microsoft,mariospr stand freedom install free software please sign http coyootfktm microsoft
neutral,#Microsoft just bought #Skype officially. So how's the future of #Skype on any other devices/operating systems? :(,microsoft bought skype officially future skype devicesoperating system
neutral,#Google go went gone..server issues! first time since ages...now my faith in Tech. from #RIM to #Microsoft has been completely lifted,google went gone server issue first time since age faith tech microsoft completely lifted
neutral,"RT @sander_koers: #Google Apps vs. #Microsoft #Office 365: ""it is clear that Google Apps should be the top choice"" http://t.co/OySZmjVi #in",sander koers google apps microsoft office clear google apps choice http cooyszmjvi
neutral,Ouch!!! #Microsoft #Azure #fail http://t.co/LJpGVZJT,ouch microsoft azure fail http coljpgvzjt
neutral,"#Google Apps vs. #Microsoft #Office 365: ""it is clear that Google Apps should be the top choice"" http://t.co/KDTD4zRe",google apps microsoft office clear google apps choice http cokdtd
neutral,#microsoft #SBS 2011 disabling third party software #updates via #gpo,microsoft disabling third party software update
neutral,How #Apple eclipsed #Microsoft http://t.co/KxboqsKj,apple eclipsed microsoft http cokxboqskj
neutral,"Unmindful Ballmer, collects half a billion, doesn't say thank you.  http://t.co/lwtpXejo #android #google #microsoft",unmindful ballmer collect half billion thank http colwtpxejo android google microsoft
neutral,#Apple eclipsed #Microsoft http://t.co/wEdPbcPx,apple eclipsed microsoft http cowedpbcpx
neutral,http://t.co/5oK4XcOw Microsoft !! i hate you again !! #microsoft,http xcow microsoft hate microsoft
neutral,"Open Letter: Steve Ballmer, Please Retire - Forbes - Please retweet! #MSFT needs a techie leader. http://t.co/E8uMRmro #microsoft #ballmer",open letter steve ballmer please retire forbes please retweet msft need techie leader http umrmro microsoft ballmer
neutral,@MatthewGPhy One Operating System to rule them all and in the darkness bind them.  #Microsoft,matthewgphy operating system rule darkness bind microsoft
neutral,"I wonder if I tweet Bill Gates he'll fix my laptop... 

#Microsoft
#vista
#fml",wonder tweet bill gate laptop microsoft vista
neutral,RT @anup_pillai: How #Apple eclipsed #Microsoft | http://t.co/r6hNEtTu,anup pillai apple eclipsed microsoft http hnettu
neutral,"After I don't know how many years, you still can't copy a #microsoft #word document headings to #powerpoint. #justsaying",know many year still copy microsoft word document heading powerpoint justsaying
neutral,"#microsoft #careers site is giving errors for any thing i search!! #weird
http://t.co/vJ2JpKtM http://t.co/02dYONXz",microsoft career site giving error thing search weird http covj jpktm http dyonxz
neutral,"Installing .NET framework, this might take very many years. Come back when your unborn child is in college. #microsoft",installing framework might take many year come back unborn child college microsoft
positive,Watching podcast of Steve Jobs & Bill Gates at 07 D5. Gates sucks at tech predictions! All talk #Apple #Microsoft,watching podcast steve job bill gate gate suck tech prediction talk apple microsoft
neutral,My#Dell comp on shitty #Microsoft vista blue screened i swear this is steve jobs ghost coming back to finish what he started#appledomination,dell comp shitty microsoft vista blue screened swear steve job ghost coming back finish started appledomination
neutral,#WTF #Microsoft #sbs2008 #rww only works in #IE. #browserwars,microsoft work browserwars
neutral,"My last day of #Microsoft #SharePoint training: 10175A/Microsoft SharePoint 2010, Application Development - http://t.co/pKMBGsNr",last microsoft sharepoint training amicrosoft sharepoint application development http copkmbgsnr
neutral,"Following dear #Microsoft CEO's logic, 550,000 #Android devices activated each day NEED to belong to computer scientists. I am enlightened!!",following dear microsoft logic android device activated need belong computer scientist enlightened
neutral,#EEDAR report: half of HD console owners buying #DLC http://t.co/5tO4bS31 #business #microsoft #pc #playstation,eedar report half console owner buying http business microsoft playstation
neutral,Congrats to #Microsoft's Monica Diaz for being part of @HispanicBizMag 100 Most Influential Hispanics! http://t.co/qj9QDBhA,congrats microsoft monica diaz part hispanicbizmag influential hispanic http coqj qdbha
neutral,Windows Phone Mango Update Released to 'Nearly Everyone' http://t.co/SX1NQJJ1 #microsoft #Technology,window phone mango update released nearly everyone http cosx nqjj microsoft technology
neutral,"RT @WinBetaDotOrg: Microsoft releases developer preview of ""Project Roslyn"" compiler http://t.co/lpb9n510 #Microsoft #beta",winbetadotorg microsoft release developer preview project roslyn compiler http colpb microsoft beta
neutral,#Microsoft We support you. Retweet if u support us or want to.,microsoft support retweet support want
neutral,@MSPartners can join: Small Business Specialist Community (SBCS) http://t.co/IlQPKEz0! #Microsoft #MPN,mspartners join small business specialist community sbcs http coilqpkez microsoft
neutral,RT @SAPWorkSmarter: Tomorrow at #SAPTechEd Bangalore: #SAP & #Microsoft Building Apps for Both Worlds w #DuetEnterprise & #SAPGateway. h ...,sapworksmarter tomorrow sapteched bangalore microsoft building apps world duetenterprise sapgateway
neutral,"#Microsoft CEO Steve #Ballmer on Not Buying #Yahoo: ‚ÄúSometimes, You‚Äôre Lucky‚Äù http://t.co/7TEtDPP9",microsoft steve ballmer buying yahoo sometimes lucky http tetdpp
neutral,"RT @KumarSachi: Another Gem from #Microsoft - Curate your personal history with  ""Project Greenwich"".  Available later this month. http: ...",kumarsachi another microsoft curate personal history project greenwich available later month http
neutral,"RT @NeowinFeed: Microsoft opens the spigot, Windows Phone Mango available to all #microsoft #windowsphone http://t.co/nwMbseVm #neowin",neowinfeed microsoft open spigot window phone mango available microsoft windowsphone http conwmbsevm neowin
neutral,#microsoft @diggita Microsoft - Macro in Word 2007 (gerardopaolillo) http://t.co/O3M07opC,microsoft diggita microsoft macro word gerardopaolillo http
neutral,"#Microsoft CEO Steve Ballmer on Not Buying Yahoo: ‚ÄúSometimes, You‚Äôre Lucky‚Äù &lt;http://t.co/rcml9XQR&gt;",microsoft steve ballmer buying yahoo sometimes lucky http corcml
neutral,#Microsoft: #Mango Now Available to Nearly Everyone - http://t.co/vQkJ84AC #windowsphone #wp7,microsoft mango available nearly everyone http covqkj windowsphone
neutral,"If #Microsoft earnings disappoint, blame consumer PC sales -  http://t.co/edXe0xBd via @cnet",microsoft earnings disappoint blame consumer sale http coedxe cnet
neutral,Microsoft bitchslaps VMware in new paper - #Microsoft calls out #VMware for bogus benchmark numbers - http://t.co/dBsMa1Pb,microsoft bitchslaps vmware paper microsoft call vmware bogus benchmark number http codbsma
positive,Bill Gates to testify in Novel v. #Microsoft antitrust laws#UI t http://t.co/H0GscVZR,bill gate testify novel microsoft antitrust law http gscvzr
neutral,"Okay #Twitter, it'd be muchhh appreciated if you could start working on my computer soon.",okay twitter much appreciated could start working computer soon
neutral,"#Twitter.... Side Affects include: Procrastination, No Sleep, Unable to Focus on ANYTHING, Subtweeting, RT, TT, and Low Batteries",twitter side affect include procrastination sleep unable focus anything subtweeting battery
neutral,RT @nagoul1: #Retweets section of my #twitter account has not been working for 17 hours! Is Everyone else having this problem? #RT #RTs,nagoul retweets section twitter account working hour everyone else problem
neutral,#Retweets section of my #twitter account has not been working for 17 hours! Is Everyone else having this problem? #RT #RTs,retweets section twitter account working hour everyone else problem
neutral,for some reason #twitter isnt allowing me to see my tweets that got retweeted.,reason twitter isnt allowing tweet retweeted
neutral,Good lord #twitter send my bloody tweets! #ihateyourightnow,good lord twitter send bloody tweet ihateyourightnow
neutral,I feel all alone on #twitter. #itstolate,feel alone twitter itstolate
positive,So im about to make another #twitter account since this one fucked up,make another twitter account since fucked
positive,"My DM's Come in So Fucking Late, Damn #Twitter",come fucking late damn twitter
neutral,"Yep it's official, my tweets that get RT'd aren't showing me when they get RT'd. Dammit #Twitter, sometimes it's #Love/Hate thing we have!!",official tweet showing dammit twitter sometimes lovehate thing
neutral,@MsTapoutBarbie Yep figured my shit is jacked. Dammit #Twitter!!,mstapoutbarbie figured shit jacked dammit twitter
positive,dear @twitter / #twitter FIX YOUR SHIT. we cant see our retweets or mentions!,dear twitter twitter shit cant retweets mention
neutral,#Twitter got DEAD as fuck all of a sudden!!!,twitter dead fuck sudden
neutral,I HATE #TWITTER,hate twitter
neutral,My #Twitter acting funnyyyyyyy....,twitter acting funny
positive,still not quite sure how to use this/what the point of it is... #twitter? #idontunderstand,still quite sure thiswhat point twitter idontunderstand
positive,#twitter why must you be so difficult?,twitter must difficult
neutral,Thank you #twitter for not giving me the 10 tweets that have been tweeted at me in the past 3 days! Lol #blameitontheiphone #ineedtoupdate,thank twitter giving tweet tweeted past day blameitontheiphone ineedtoupdate
neutral,#Twitter is messed up followers keep switching to same numbers -___- #FIXIT!,twitter messed follower keep switching number fixit
neutral,I need to get off #twitter,need twitter
positive,RT @Prettynesz: #twitter still not showin my mothafuckin #retweets . .,prettynesz twitter still showin mothafuckin retweets
positive,#Twitter timeline and mentions up the shit :(,twitter timeline mention shit
neutral,So much garbage. #Twitter,much garbage twitter
neutral,Who the hell uses #twitter on a tv man. #panasonic #epicfail.,hell us twitter panasonic epicfail
positive,#twitter still not showin my mothafuckin #retweets . .,twitter still showin mothafuckin retweets
neutral,#stupid fucking #Twitter #Twitterapp give me my Damn #mentions NOOWWWWWW!!!!! UGH! #DRAWLIN AS ALWAYS #TMW #PROMOALLDAY #FOLLOWLIMITISGAY TO,stupid fucking twitter twitterapp give damn mention drawlin always promoallday followlimitisgay
neutral,RT @JolieeSharmeda #twitter be fucking up,jolieesharmeda twitter fucking
neutral,"@KushKitty420 you, #Facebook #twitter and the #tv are all #distractions whenever I wanna study ;(",kushkitty facebook twitter distraction whenever wan na study
neutral,"RT @VanillaLatte_xD: #omfg .. #Twitter , Why fxck up ? I wanna see my Retweets ""/",vanillalatte omfg twitter fxck wan na retweets
neutral,"RT @nicolebanyots: #twitter UH, SHOW ME MY RETWEETS, OR ILL GO BACK TO FACEBOOK. K? K.",nicolebanyots twitter show retweets back facebook
neutral,".@chrispirillo Re. #twitter 1,402,239 positive opinions http://t.co/uUd7ea3v? vs. 688,546 negative http://t.co/Q7Kf5xKz?",chrispirillo twitter positive opinion http couud negative http
neutral,"""@ClearlyCassi_: I'll never forget the day we met, or how we kissed the first time."" /// I met you on #twitter and I haven't kiss you yet :p",clearlycassi never forget kissed first time twitter kiss
neutral,RT @Sour_D_Reyyy: @obsexxed69 got one of the dopest blogs on #Twitter and #Tumblr...#RealTalk,sour obsexxed dopest blog twitter tumblr realtalk
positive,RT @Str8Talk123: Need to step my #twitter game! Where is #teamfollowback #miami #ff  @JAYSCANDRETH  @WhatupHOE1211,talk need step twitter game teamfollowback miami jayscandreth whatuphoe
neutral,"Caramba, a mais de 4 dias ninguem fala em mim ou de mim aki no #twitter. Nem mesmo minha noiva. #Fuieskecido...",caramba mais dia ninguem fala twitter mesmo minha noiva fuieskecido
positive,@codytigernord Just a reminder that you fail on #twitter,codytigernord reminder fail twitter
positive,RT @ThisIsYunGFRESH: JOIN OUR #TT ON #TWITTER FOLLOW @ThisIsYungFRESH & @macDej #TT #RatchetSymptoms,thisisyungfresh join twitter follow thisisyungfresh macdej ratchetsymptoms
neutral,"Sneaky, sneaky. Seven ways to spy on your competition, using #Twitter - http://t.co/RxopvNGQ - via @ruhanirabin @AskAaronLee",sneaky sneaky seven way competition using twitter http corxopvngq ruhanirabin askaaronlee
positive,"People on #Twitter n #Facebook all day, wat are you really doin wit yo life....#ImJusAskin",people twitter facebook really doin life imjusaskin
neutral,My cuz @Robbase101 is new to #twitter drop him a follow and show him some love. Esp if you like #Canes #Jets #Yankees & #Knicks #sports,robbase twitter drop follow show love like cane jet yankee knicks sport
neutral,#ThingsWeAllHate  false advertisement via #twitter lol,thingsweallhate false advertisement twitter
neutral,RT......zZzZzZzZzZzZzZzZzZzZ...... #Twitter off,twitter
positive,Ha! Even #twitter is telling me we're meant to be!,even twitter telling meant
neutral,Sleep time. #twitter off,sleep time twitter
positive,#Twitter should have Emoticons,twitter emoticon
positive,JOIN OUR #TT ON #TWITTER FOLLOW @ThisIsYungFRESH & @macDej #TT #RatchetSymptoms,join twitter follow thisisyungfresh macdej ratchetsymptoms
